serial number,author,title
2,Acker Kathy,Blood And Guts In High School
3,Acker Kathy,Empire Of The Senseless
4,Acker Kathy,Great Expectations
5,Acker Kathy and McKenzie Wark,Im Very Intro You: Correspondence 1965-1996
6,Acker Kathy,In Memoriam To Identity
7,Acker Kathy,Literal Madness: Three Novels
8,Acker Kathy,My Mother: Demonology
9,Acker Kathy,Pussy King Of The Pirates
10,Acosta Oscar Zeta,Revolt Of The Cockroach People
11,Aes-Nihil Jon,William S. Burroughs In The Dreamachine
12,Allen Donald,Poetics of the New American Poetry
13,Allione Constanzo,Fried Shoes Cooked Diamond - Beats at Naropa
14,Allred Randy,Beat Angel: A Film About The Spirit Of Jack Kerouac
15,Almon Bert,The Imagination Of Gary Snyder
16,Amburn Ellis,Subterranean Kerouac: Hidden Life of Jack Kerouac
17,Amram David,Offbeat: Collaborating With Kerouac
18,Amram David (David Amram Quartet),Pull My Daisy and Other Jazz Classics
19,Amram David,Upbeat: Nine Lives Of A Musical Cat
20,Amram David,Vibrations: The Adventures and Musical Times of David Amram
21,Anderson Cliff,Free Beer: Kicks & Truth With Jack Kerouac & Other Strong Drinks
22,Anstee Rod comp,Jack Kerouac: The Bootleg Era: An Annotated List
23,Antonelli John,Jack Kerouac: King Of The Beats
24,Antonelli John,Kerouac
25,Arnold Delmar Wilson Jr.,All In The Family: Gary Snyders Poetics Of Reinhabitation
26,Aronson Jerry,Life and Times of Allen Ginsberg
27,Aronson Marc,Art Attack: A Short Cultural History of the Avant-Garde
28,Arrocha Victor M.,The Beat Generation And Its Influence In The United States
29,Ash Mel,Beat Spirit: The Way of the Beat Writers as a Living Experience
30,Atkinson Jay,Paradise Road: Jack Kerouacs Lost Highway And My Search For America
31,Audio Book & Music Company,Beat Poetry
32,Àvila Javier,Henry Chinaskis Futile Road From Self-Protection To Self-Destruction In The Works Of Charles Bukowski
33,Baca Elmo,Mabels Santa Fe and Taos: Bohemian Legends (1900-1950)
34,Bair Deidre,Anaïs Nin: A Biography
35,Baker Deborah,Blue Hand : Beats in India
36,Baker Phil,William S. Burroughs
37,Bald Wambly,On The Left Bank: 1929-1933
38,Baldick Robert,First Bohemian: Life of Henry Murger
39,Ball Gordon,East Hill Farm: Seasons With Allen Ginsberg
40,Balzac Honore,A Prince Of Bohemia and Other Stories
41,Baraka Amiri,Autobiography of Leroi Jones
42,Baraka Amiri,Digging: The Afro-American Soul Of American Classical Music
43,Baraka Amiri,Eulogies
44,Baraka Amiriet al,Music: Reflections On Jazz And Blues
45,Baraka Amiri,SOS: Poems 1961-2013
46,Baraka Amiri,Transbluesency: Selected Poems of Amiri Baraka/LeRoi Jones (1961-1995)
47,Barille Elisabeth,Anais Nin: Naked Under The Mask
48,Bartlett Karen Joy,Jewels In The Net: The American Buddhist Poetics Of Gary Snyder
49,Bartlett Lee,William Everson: The Life Of Brother Antoninus
50,Bartlett Lee editor,Beats: Essays In Criticism
51,Baskin Alex,John Reed: The Early Years in Greenwich Village
52,Baughan Michael Gray,Charles Bukowski
53,Beard Rick editors,Greenwich Village: Culture and Counterculture
54,Beatdom Books,Beatdom
55,Beatty Maria,Gang Of Souls: A Generation Of Beat Poets
56,Becker George J. ed & trans,Paris and the Arts 1851-1896: From the Goncourt Journal
57,Behnke Alison M.,Jack Kerouac
58,Bennett John editor,Ragged Lion: A Tribute To Jack Micheline
59,Benstock Shari,Women Of The Left Bank: Paris 1900-1940
60,Berrigan Ted,On the Level Everyday: Selected Talks on Poetry and the Art of Living
61,Beucler Andre,Last of the Bohemians: Twenty Years with Leon-Paul Fargue
62,Beveridge Thomas Gordon,Jack Kerouac And The Liberal Tradition
63,Bickford L.H.,Phyllis in Bohemia
64,Bierowski Thomas R.,Kerouac In Ecstacy: Shamanic Expression In The Writings
65,Billy Andre,The Goncourt Brothers
66,Bisbort Alan,Beatniks: A Guide To An American Subculture
67,Black Joel Elan,Arrested For Selling Poetry! Or You Wouldnt Want Your Children Reading This: The Historical Significance Of The Howl Obscenity Trial
68,Blank A.R.,My Darling Killer: How Lucien Car Introduced Jack Kerouac Allen Ginsberg & William Burroughs Killed David Kammerer & Shaped The Beat Generation
69,Bockris Victor,With William Burroughs: A Report from the Bunker
70,Bodenheim Maxwell,Georgie May
71,Bodenheim Maxwell,Introducing Irony
72,Bodenheim Maxwell,My Life and Loves in Greenwich Village
73,Bodenheim Maxwell,My Life and Loves in Greenwich Village
74,Bodenheim Maxwell,New York Madness
75,Bodenheim Maxwell,Naked on Roller Skates
76,Bodenheim Maxwell,Replenishing Jessica
77,Bodenheim Maxwell,Sardonic Arm
78,Bogosian Eric,Sex Drugs Rock & Roll
79,Bohemian Club,Certificate of Incorporation Constitution By-Laws and Rules Officers Committees and Members
80,Bohemian Club,Chronicle of Our Years: Commemorating the Seventy-fifth Anniversary of the found of the Bohemian Club of San Francisco
81,Bostick Daisy,Carmel Today And Yesterday
82,Bowles Jane,My Sisters Hand In Mine
83,Bowles Jane,Two Serious Ladies
84,Bowles Paul,Collected Stories & Later Writings
85,Bowles Paul,Days: Tangier Journal 1987-1989
86,Bowles Payl,Desultory Correspodence: An Interview With Paul Bowles On Gerturde Stein
87,Bowles Paul,A Hundred Camels in the Courtyard
88,Bowles Paul,In Touch: The Letters Of Paul Bowles
89,Bowles Paul,Let It Come Down
90,Bowles Paul,Let It Come Down: The Life Of Paul Bowles
91,Bowles Paul,Midnight Mass and Other Stories
92,Bowles Paul,Paul Bowles: The Cage Door Is Always Open
93,Bowles Paul,Paul Bowles Music
94,Bowles Paul,Sheltering Sky
95,Bowles Paul,Stories Of Paul Bowles
96,Bowles Paul,Too Far From Home: Selected Writings Of Paul Bowles
97,Bowles Paul,Travels: Collected Writings 1950-1983
98,Bowles Paul,Without Stopping: An Autobiography
99,Bowles Paul,Yallah
100,Brassaï,Henry Miller Happy Rock
101,Brassaï,Henry Miller: The Paris Years
102,Brassaï,Paris By Night
103,Brautigan Richard,Abortion: An Historial Romance
104,Brautigan Richard,Confederate General From Big Sur Dreaming Of Babylon Hawkline Monster
105,Brautigan Richard,Edna Webster Collection of Undiscovered Writings
106,Brautigan Richard,Hawkline Monster: A Gothic Western
107,Brautigan Richard,June 30th June 30th
108,Brautigan Richard,Loading Mercury with a Pitchfork
109,Brautigan Richard,Rommel Drives On Deep Into Egypt
110,Brautigan Richard,Sombrero Fallout: A Japanese Novel
111,Brautigan Richard,Trout Fishing in America
112,Brautigan Richard,Unfortunate Woman
113,Brewer Gay,Charles Bukowski
114,Broderick Siobhan,Public Intellectual Work Of Allen Ginsberg
115,Brooks David,Bobos in Paradise: The New Upper Class and How They Got There
116,Brossard Chandler,As The Wolf Howls At My Door
117,Brossard Chandler,Did Christ Make Love?
118,Brossard Chandler,Double View
119,Brossard Chandler,Wake Up. Were Almost There
120,Brossard Chandler,Who Walk in Darkness
121,Brossard Chandler,Who Walk in Darkness
122,Brotchie Alastair,Alfred Jarry: A Pataphysical Life
123,Bruce Lenny,How to Talk Dirty and Influence People
124,Brundage Slim,From Bughouse Square To The Beat Generation
125,Bruno Guido,Brunos Weekly
126,Bruno Guido,Brunos Weekly Volume 1
127,Bruno Guido,Brunos Weekly Volume 2
128,Bruno Guido,Brunos Weekly Volume 3
129,Bruno Guido,Fragments of Greenwich Village
130,Bruno Guido,Frank Harris: In Memorium Fragments From His New York Days
131,Bruno Guido,Greenwich Village
132,Bruno Guido,Sacred Band: A Litany Of Ingratitude
133,Buckley William F. Jr. host,Firing Line: The Hippies
134,Bukowski Charles,Absence Of The Hero: Uncollected Stories And Essays Volume 2: 1946-1992
135,Bukowski Charles,Beerspit Night and Cursing : The Correspondence of Charles Bukowski and Sheri Martinelli 1960-1967
136,Bukowski Charles,Betting on the Muse: Poems & Stories
137,Bukowski Charles,Between the earthquake the volcano and the leopard
138,Bukowski Charles,Bone Palace Ballet: New Poems
139,Bukowski Charles,Bring Me Your Love
140,Bukowski Charles,Burning In Water Drowning In Flame
141,Bukowski Charles,Captain is Out to Lunch and The Sailors Have Taken Over the Ship
142,Bukowski Charles,Charles Bukowski Uncensored
143,Bukowski Charles,Come On In!: New Poems
144,Bukowski Charles,Confession of a Coward
145,Bukowski Charles,Continual Condition: Poems
146,Bukowski Charles,Dangling in the Tournefortia
147,Bukowski Charles,Days Run Away Like Wild Horses Over the Hills
148,Bukowski Charles,Essential Bukowski: Poetry
149,Bukowski Charles,Factotum
150,Bukowski Charles,Factotum (French 
151,Bukowski Charles,Flash of Lightning Behind the Mountain
152,Bukowski Charles,Ham on Rye
153,Bukowski Charles,Hollywood
154,Bukowski Charles,Hostage
155,Bukowski Charles,Hot Water Music
156,Bukowski Charles,In The Morning And At Night And In Between
157,Bukowski Charles,Last Generation
158,Bukowski Charles,Last Night of the Earth Poems
159,Bukowski Charles,The Last Straw: Charles Bukowski Live
160,Bukowski Charles,Laughing Heart
161,Bukowski Charles,Living on Luck: Selected Letters: 1960s - 1970s Volume 2
162,Bukowski Charles,Love is a Dog from Hell
163,Bukowski Charles,Love Poem
164,Bukowski Charles,Love Poem To Marina
165,Bukowski Charles,Luck
166,Bukowski Charles,Mockingbird Wish Me Luck
167,Bukowski Charles,Most Beautiful Woman in Town & Other Stories
168,Bukowski Charles,The Movie: Barfly
169,Bukowski Charles,Movie Critics
170,Bukowski Charles,New Poems : Book Three
171,Bukowski Charles,New Poems: Book Two
172,Bukowski Charles,New War
173,Bukowski Charles,Night Torn with Mad Footsteps : New Poems
174,Bukowski Charles,Notes of a Dirty Old Man
175,Bukowski Charles,Now
176,Bukowski Charles,On Cats
177,Bukowski Charles,On Love
178,Bukowski Charles,On Writing
179,Bukowski Charles,One Tough Mother
180,Bukowski Charles,Open All Night: New Poems
181,Bukowski Charles,People Look Like Flowers At Last
182,Bukowski Charles,Pink Silks
183,Bukowski Charles,Pleasures of the Damned : Poems 1951-1993
184,Bukowski Charles,Play the Piano Drunk Like a Percussion Instrument Until the Fingers Begin to Bleed a Bit
185,Bukowski Charles,Popcorn in the Dark
186,Bukowski Charles,Portions From A Wine-Stained Notebook: Uncollected Stories And Essays 1944-1990
187,Bukowski Charles,Post Office
188,Bukowski Charles,Post Office (Italian language 
189,Bukowski Charles,Pulp
190,Bukowski Charles,Reach For The Sun : Selected Letters 1978-1994 Volume 3
191,Bukowski Charles,Roominghouse Madrigals : Early Selected Poems 1946-1966
192,Bukowski Charles,Screams from the Balcony : Selected Letters 1960-1970
193,Bukowski Charles,Selected Letters Volume 1 : 1958-1965
194,Bukowski Charles,Selected Letters Volume 2 : 1965-1970
195,Bukowski Charles,Selected Letters Volume 3 : 1971-1986
196,Bukowski Charles,Selected Letters Volume 4 : 1987-1994
197,Bukowski Charles,Septuagenarian Stew: Stories & Poems
198,Bukowski Charles,Shakespeare Never Did This
199,Bukowski Charles,Sifting Through the Madness for the Word the Line the Way: New Poems
200,Bukowski Charles,Singer
201,Bukowski Charles,Slouching Toward Nirvana: New Poems
202,Bukowski Charles,South Of No North
203,Bukowski Charles,Sunlight Here I Am: Interviews & Encounters 1963-1993
204,Bukowski Charles,Tales Of Ordinary Madness
205,Bukowski Charles,Theres No Business
206,Bukowski Charles,Those Marvelous Lunches
207,Bukowski Charles, To Lean Back Into It
208,Bukowski Charles,Underwater Poetry Festival
209,Bukowski Charles,War All The Time: Poems 1981-1984
210,Bukowski Charles,We Aint Got No Money Honey But We Got Rain
211,Bukowski Charles,What Matters Most Is How Well You Walk Through The Fire
212,Bukowski Charles,Women
213,Bulbul Films,Factotum
214,Burgess Gelett,Bayside Bohemia
215,Burgess Gelett ed,Lark
216,Burke Flannery,From Greenwich Village To Taos
217,Burleigh Robert,Hit The Road Jack
218,Burroughs William S.,Adding Machine (The): Selected Essays
219,Burroughs William S.,Burroughs File (The)
220,Burroughs William S.,Burroughs: The Movie
221,Burroughs William S.,Call Me Burroughs
222,Burroughs William S.,Cat Inside
223,Burroughs William S.,Cities of the Red Night
224,Burroughs William S.,Conversations With William Burroughs
225,Burroughs William S.,Dead City Radio
226,Burroughs William S.,Everything lost : the Latin American notebook of William S. Burroughs
227,Burroughs William S.,Exterminator!
228,Burroughs William S.,Ghost of Chance
229,Burroughs William S.,Viking/Interzone
230,Odier Daniel,Job: Interviews with William S. Burroughs
231,Burroughs William S.,Junky
232,Burroughs William S.,Junky: Definitive Text Of Junk
233,Burroughs William S.,Junkys Christmas
234,Burroughs William S.,The last words of Dutch Schultz : a fiction in the form of a film script
235,Burroughs William S.,The last words of Dutch Schultz : a fiction in the form of a film script
236,Burroughs William S.,Last Words: The Final Journals Of William S. Burroughs
237,Burroughs William S.,Let Me Hang You
238,Burroughs William S.,Letters of William S. Burroughs: 1945-1959
239,Burroughs William S.,My Education: A Book of Dreams
240,Burroughs William S.,Naked Lunch
241,Burroughs William S.,Naked Lunch
242,Burroughs William S.,Nova Express
243,Burroughs William S.,Place of Dead Roads (The)
244,Burroughs William S.,Queer
245,Burroughs William S.,Queer
246,Burroughs William S.,Roosevelt After Inauguration
247,Burroughs William S.,Rub Out The Words : The Letters Of William S. Burroughs 1959-1974
248,Burroughs William S.,Soft Machine
249,Burroughs William S. and Gysin Brion,Spoken Word
250,Burroughs Wiiliam S. introduction only,Strange Amazing And Mysterious Places
251,Burroughs William S.,Taking Shots: The Photography Of Williams S. Burroughs
252,Burroughs William S.,Ticket That Exploded
253,Burroughs William S.,Western Lands
254,Burroughs William S.,Western Lands
255,Burroughs William S.,Word Virus: The William S. Burroughs Reader
256,Burroughs William S. and Ginsberg Allen,Yage Letters (The)
257,Burroughs William S.,You Cant Win
258,Burroughs William S. Jr.,Cursed From Birth : The Short Unhappy life of William S. Burroughs Jr.
259,Burroughs William S. Jr.,Speed/Kentucky Ham
260,C-SPAN,Writings of Jack Kerouac
261,Calhoun Ada,St. Marks Is Dead: The Many Lives Of Americas Hippest Street
262,Campbell James,Exiled in Paris
263,Campana Dino,Orphic Songs
264,Campbell James,This is the Beat Generation
265,Cannon Group,Barfly
266,Caponi Gena Dagel,Paul Bowles: Romantic Savage
267,Carco Francis,Last Bohemia: From Montmartre to the Quartier Latin
268,Carpenter Humphrey,Angry Young Men: A Literary Comedy of the 1950s
269,Carr Roy,The Hip: Hipsters Jazz And The Beat Generation
270,Carr Virgina Spencer,Paul Bowles : A Life
271,Carroll Jim,Basketball Diaries
272,Carroll Jim,Fear Of Dreaming: The Selected Poems Of Jim Carroll
273,Carroll Jim,Petting Zoo: A Novel
274,Cassady Carolyn,Heart Beat: My Life With Jack And Neal
275,Cassady Carolyn,Off the Road
276,Cassady Neal,Collected Letters 1944-1967
277,Cassady Neal,First Third (The)
278,Cassady Neal,Grace Beats Karma: Letters from Prison 1
279,Caveney Graham,Gentleman Junkie: Life & Legacy of William S. Burroughs
280,Caveney Graham,Screaming With Joy: The Life of Allen Ginsberg
281,Caveney Graham,Priest They Called Him: Life & Legacy of William S. Burroughs
282,Castaneda Carlos,Teachings of Don Juan
283,Chandarlapaty Raj,Beat Generation and Counterculture : Paul Bowles William S. Burroughs Jack Kerouac
284,Chapin Anna Alice,Greenwich Village
285,Charlson David Jon,Charles Bukowski: Autobiographer Gender Critic Iconoclast
286,Charlson David,Charles Bukowski: Autobiographer Gender Critic Iconoclast
287,Author; Charters Ann ed.,Beat Down To Your Soul
288,Charters Ann,Beats & Company : A Portrait of a Literary Generation
289,Charters Ann,Bibliography of works by Jack Kerouac (Jean Louis Lebris De Kerouac) 1939-1975
290,Charters Ann & Samuel,Brother Souls: John Clellon Holmes Jack Kerouac And The Beat Generation
291,Charters Ann,Kerouac: A Biography
292,Charters Ann,Kerouac: A Biography
293,Charters Ann ed.,Jack Kerouac: Selected Letters 1940-1956
294,Charters Ann ed.,Jack Kerouac: Selected Letters 1957-1969
295,Charters Ann & Samuel ed.,Literature And Its Writers
296,Charters Ann ed.,Portable Beat Reader
297,Charters Samuel,Some Poems/Poets: Studies In American Underground Poetry Since 1945
298,Cheney Anne,Millay in Greenwich Village
299,Cherkovski Neeli,Ferlinghetti: A Biography
300,Cherkovski Neeli,Hank: The Life of Charles Bukowski
301,Cherry Red Records,Cool Scene: Twelve New Ways To Fly (Cool Scene At Cafe Bizarre)
302,Cheuse Alan,Bohemians: John Reed and His Friends Who Shook the World
303,Christensen Mark,Acid Christ: Ken Kesey LSD And The Politics Of Ecstacy
304,Christopher Tom,Neal Cassady: A Biography
305,Christy Jim,Buk Book: Musings On Charles Bukowski
306,Christy Jim,Long Slow Death of Jack Kerouac
307,Churchill Allen,Improper Bohemians: a recreation of Gree...
308,Ciuraru Carmela editor,Beat Poets
309,Clark Joshua editor,French Quarter Fiction: The Newest Stories Of Americas Oldest Bohemia
310,Clark Joshua editor,French Quarter Fiction: The Newest Stories Of Americas Oldest Bohemia
311,Clark Tom,Edward Dorn: A World Of Difference
312,Clark Tom,Jack Kerouac: A Biography
313,Clark Tom,Jack Kerouac: A Biography
314,Clark Tom,Kerouacs Last Word: Jack Kerouac in Escapade
315,Clayton Douglas,Floyd Dell: The Life and Times of an American Rebel
316,Clébert Jean Paul,Paris Vagabond
317,Cline Lynn,Literary Pilgrims: The Santa Fe And Toas Writers Colonies 1917-1950
318,Collins Ronald K.L.,Mania: The Story Of The Outraged & Outrageous Lives That Launched A Cultural Revolution
319,Connelly Patrick J.,Ecopoetics Of Gary Snyder
320,Conners Peter,White Hand Society: The Psychedelic Partnership Of Timothy Leary & Allen Ginsberg
321,Cook Bruce,Beat Generation: Tumultuous 50s movement
322,Cook Bruce,Beat Generation: Tumultuous 50s movement
323,Coolidge Clark,Now Its Jazz: Writings on Kerouac & The Sounds
324,Corso Gregory,Accidental Biography: The Selected Letters Of Gregory Corso
325,Corso Gregory,American Express
326,Corso Gregory,Elegiac Feelings American
327,Corso Gregory,Gasoline
328,Corso Gregory,Happy Birthday of Death
329,Corso Gregory,Herald of the Autochthonic Spirit
330,Corso Gregory,Long Live Man
331,Corso Gregory,Mindfield: New and Selected Poems
332,Corso Gregory,Sarpedon: A Play By Gergory Corso
333,Cottom Daniel,International Bohemia: Scenes Of Nineteenth-Century Life
334,Cottrell Robert C.,Sex Drugs And Rock N Roll: The Rise Of Americas 1960s Counterculture
335,Cowley Malcolm,Exiles Return
336,Cox Devon,Street Of Wonderful Possibilities: Whistler Wilde & Sargent In Tite Street
337,Cronenberg David,Naked Lunch
338,Cross Robert,Henry Miller: The Paris Years
339,Cusimano M. (Mick),Toasting Kerouac: Corporation for the Celebration of Jack Kerouac in Lowell presents Lawrence Ferlinghetti & Herbert Huncke to be held at Smith-Baker Center Lowell Saturday March 21 1987
340,Dale Rick,Beat Handbook : 100 Days of Kerouactions
341,Darnton Robert,Corpus of Clandestine Literature in France 1769-1789
342,Darnton Robert,Devil in the Holy Water or the Art of Slander from Louis XIV to Napolean
343,Darnton Robert,Forbidden Best-Sellers of Pre-Revolutionary France
344,Darnton Robert,Forbidden Best-Sellers of Pre-Revolutionary France
345,Darnton Robert,Literary Underground of the Old Regime
346,Darnton Robert,Poetry And The Police: Communication Networks In Eighteenth-Century Paris
347,Daugherty Francis Leo,Henry Miller And The Heterocosm: The General And Applied Literary Theory Of An Merican Anti-Romantic
348,Davis Stephen,William Burroughs/Local Stop On The Nova Express
349,De St. Jorre John,Venus Bound: The Erotic Voyage of the Olympia Press...
350,Dearborn Mary V.,Happiest Man Alive: Biography of Henry Miller
351,Dearborn Mary V.,Queen of Bohemia: The Life of Louise Bryant
352,Décharné Max,Straight From The Fridge Dad: A Dictionary Of Hipster Slang
353,Decker James M.,Spiral Form And Henry Millers Anecdotal Life
354,Dell Floyd,Floyd Dell: Essays from the Friday Literary Review 1909-1913
355,Dell Floyd,Homecoming: An Autobiography
356,Dell Floyd,Janet March
357,Dell Floyd,King Arthurs Socks And Other Village Plays
358,Dell Floyd,Love in Greenwich Village
359,Dell Floyd,Old Mans Folly (An)
360,Dell Floyd,This Mad Ideal
361,Dell Floyd,Runaway: A Novel
362,Dell Floyd,Were You Ever a Child?
363,Di Prima Diane,Dinners and Nightmares
364,Di Prima Diane & Jones LeRoi,Floating Bear: A Newsletter Numbers 1-37
365,Di Prima Diane Introduction,Going Out For Coffee On A Windy Night
366,Di Prima Diane,Kerhonkson Journal 1966
367,Di Prima Diane,Memoirs of a Beatnik
368,Di Prima Diane,Poetry Deal
369,Di Prima Diane,Pieces of a Song
370,Di Prima Diane,Recollections of My Life as a Woman: The New York Years
371,Di Prima Diane,Revolutionary Letters
372,Dillon Millicent,A Little Original Sin: The Life And Work Of Jane Bowles
373,Dillon Millicent,You Are Not I: A Portrait Of Paul Bowles
374,DiSanto Ronald L. & Steele Thomas J.,Guidebook to Zen and the Art of Motorcycle Maintenance
375,Dittman Michael J.,Jack Kerouac : A Biography
376,Dodgson Rick,Its All Kind Of Magic: The Young Ken Kesey
377,Dorfner John J.,Kerouac: Visions of Lowell
378,Dorn Edward,By The Sound
379,Dorn Edward,Edward Dorn: Collected Poems
380,Dorn Edward,North Atlantic Turbine
381,Dostoevsky Fyodor,Notes From the Underground
382,Dowden George,Bibliography of the Works of Allen Ginsberg : October 1943 to July 1 1967
383,Drohajowska-Philp,Rebels In Paradise: The Los Angeles Art Scene And The 1960s
384,du Maurier Daphne ed.,Young George du Maurier: Letters 1860-1867
385,Du Maurier George,Trilby
386,Du Maurier George,Trilby
387,Duberman Martin,Visions of Kerouac
388,Dullaghan John dir.,Bukowski Born Into This
389,Dunn Patrick W.,Allen Ginsbergs Oral Poetry: Performance Spontaneity And The Embodiment Of The Breath
390,Durrell Lawrence,Balthazar
391,Durrell Lawrence,Durrell-Miller Letters 1935-1980
392,Duxler Margot Beth,Seduction: A Portrait Of Anaïs Nin
393,Eastman Max,Art And The Life Of Action With Other Essays
394,Eastman Max,Enjoyment of Poetry
395,Eastman Max,Great Companions
396,Eastman Max,Literary Mind
397,Easton Malcolm,Artists and Writers in Paris: The Bohemian Idea 1805-1867
398,Edington Stephen D.,Beat Face of God : Beat Generation Writers as Spirit Guides
399,Eleveld Mark ed,Spoken Word Revolution : Slam Hip Hop and the Poetry of a New Generation
400,Elkholy Sharin N. ed.,Philosophy Of The Beats
401,Ellingham Lewis and Killian Kevin,Poet Be Like God: Jack Spicer And The San Francisco Renaissance
402,Enlightenment,Beat Generation Boxed
403,Evans Mike,Beats: From Kerouac to Kesey an Illustrated Journey Through the Beat Generation
404,Evans Oliver,Anaïs Nin
405,Everson William,Archetype West: The Pacific Coast As A Literary Region
406,Everson William,Crooked Lines Of God: Poems 1949-1954
407,Everson William,Engendering Flood: Book One of Dust Shall be the Serpents Fool (Cantos I-IV)
408,Everson William,Man-Fate: The Swan Song Of Brother Antonius
409,Everson William,Man-Fate: The Swan Song Of Brother Antonius
410,Everson William,Prodigious Thrust
411,Everson William,River-Root: A Syzygy
412,Everson William,Residual Years
413,Everson William,Single Source: The Early Poems Of William Everson [1934-1940]
414,Everson William,Veritable Years: Poems 1949-1966 Volume II Of The Collected Poems)
415,Noyes: Paper,NULL
416,Everson William,William Everson: a collection of books & manuscripts
417,Faas Ekbert,Robert Creeley: A Biography
418,Fagen Donald,Eminent Hipsters
419,Falk Jane E.,The Beat Avant-Garde The 1950s And The Popularizing Of Zen Buddhism In The United States
420,Fariña Richard,Been Down So Long It Looks Like Up To Me
421,Fariña Richard and Fariña Mimi,Best Of Mimi & Richard Fariña
422,Fariña Richard,Long Time Coming And A Long Time Come
423,Federal Bureau Of Investigation,Henry Charles Bukowski File: 140-35907
424,Federal Bureau Of Investigation,Miller Henry File #14-HQ-2578
425,Feldman Gene ed.,The Beat Generation & The Angry Young Men
426,Felver Christopher,Beat
427,Felver Christopher,Ferlinghetti: A Rebirth Of Wonder
428,Felver Christopher,Ferlinghetti Portrait
429,Felver Christopher,Late Great Allen Ginsberg: a Photo Biography
430,Ferguson Robert,Henry Miller: A Life
431,Ferlinghetti Lawrence,After the Cries of the Birds
432,Ferlinghetti Lawrence,Americus Book I
433,Ferlinghetti Lawrence,Blasts Cries Laughter
434,Ferlinghetti Lawrence editor,City Lights Pocket Poets Anthology
435,Ferlinghetti Lawrence editor,City Lights Pocket Poets Anthology: 60th Anniversary 
436,Ferlinghetti Lawrence,Coney Island Of Lawrence Ferlinghetti
437,Ferlinghetti Lawrence,Coney Island of the Mind
438,Ferlinghetti Lawrence,Coney Island of the Mind
439,Ferlinghetti Lawrence,Coney Island of the Mind 50th Anniversary 
440,Ferlinghetti Lawrence,Cool Eye: Lawrence Ferlinghetti Talks To Alexis Lykiard
441,Ferlinghetti Lawrence,Endless Life: Selected Poems
442,Ferlinghetti Lawrence ed,Ends & Beginnings
443,Ferlinghetti Lawrence,European Poems & Translations: Over All Obscene Boundaries
444,Ferlinghetti Lawrence,Far Rockaway of the Heart
445,Ferlinghetti Lawrence,Her
446,Ferlinghetti Lawrence,How to Paint Sunlight: Lyric Poems & Others (1997-2000)
447,Ferlinghetti Lawrence,Howl Of The Censor
448,Ferlinghetti Lawrence and Ginsberg Allen,I Greet You At The Beginning Of A Great Career: The Selected Correspondence Of Lawrence Ferlinghetti And Allen Ginsberg 
449,Ferlinghetti Lawrence,Inside the Trojan Horse
450,Ferlinghetti Lawrence,Landscapes of Living & Dying
451,Ferlinghetti Lawrence,Leaves Of Life; Fifty Drawings From The Model
452,Ferlinghetti Lawrence,Life Studies Life Stories : Drawings
453,Ferlinghetti Lawrence and Peters Nancy J.,Literary San Francisco
454,Ferlinghetti Lawrence.,Love in the Days of Rage
455,Ferlinghetti Lawrence,Mexican night; travel journal by Ferlinghetti
456,Ferlinghetti Lawrence,Moscow In The Wilderness Segovia In The Snow
457,Ferlinghetti Lawrence,Northwest Ecolog
458,Ferlinghetti Lawrence,One Thousand Fearful Words For Fidel Castro
459,Ferlinghetti Lawrence,Open Eye Open Heart
460,Ferlinghetti Lawrence,Over All Obscene Boundaries: European Poems & Translations
461,Ferlinghetti Lawrence,Pictures of the Gone World
462,Ferlinghetti Lawrence,Pictures of the Gone World
463,Ferlinghetti Lawrence,Poem for the Olympic Runners
464,Ferlinghetti Lawrence,Poesie Vecchie & Nuove
465,Ferlinghetti Lawrence,Poetry as Insurgent Art
466,Ferlinghetti Lawrence,Populist Manifestos
467,Ferlinghetti Lawrence,Routines
468,Ferlinghetti Lawrence,San Francisco Poems
469,Ferlinghetti Lawrence,Secret Meaning of Things
470,Ferlinghetti Lawrence,Seven Days in Nicaragua Libre
471,Ferlinghetti Lawrence,Seven Days in Nicaragua Libre
472,Ferlinghetti Lawrence,Starting in San Francisco
473,Ferlinghetti Lawrence,Tentative Description Of A Dinner Given To Promote The Impeachment Of President Eisenhower    
474,Ferlinghetti Lawrence,These Are My Rivers: New & Selected Poems 1955-1993
475,Ferlinghetti Lawrence,Time Of Useful Consciousness
476,Ferlinghetti Lawrence,Tryannus Nix?
477,Ferlinghetti Lawrence,Unfair Arguments With Exitence; seven plays for a new theatre
478,Ferlinghetti Lawrence,What is Poetry?
479,Ferlinghetti Lawrence,What Is Poetry?
480,Ferlinghetti Lawrence,When I Look At Pictures
481,Ferlinghetti Lawrence,Who Are We Now?
482,Ferlinghetti Lawrence,Wild Dreams of a New Beginning
483,Ferlinghetti Lawrence,Writing Across The Landscape: Travel Journals 1960-2010
484,Fink Larry,Beats
485,Fitch Noel Riley,Erotic Life of Anais Nin
486,Ford Hugh,Published in Paris: A Literary Chronicle
487,Ford James L.,Bohemia Invaded
488,Call. No.: PS1689.F8 B6 1895,NULL
489,Forte Robert editor,Timothy Leary: Outside Looking In
490,Foster Edward Halsey,Understanding the Beats
491,Fosdick Gertrude Christian,Out of Bohemia: A Study of Paris Student Life (1894)
492,Franck Dan,Bohemian Paris: Picassp Modigliani Matisse And The Birth Of Modern Art
493,Franklin Benjamin V ed.,Recollections of Anais Nin by her Contemporaries
494,Frees Paul,Beatniks
495,French Warren,San Francisco Poetry Renaissance: 1955-1960
496,Fritz James,Beat Killer
497,Gage Maura,Identity Masculinity Femininity In The Poetry Of Gary Snyder
498,Gair Christopher,Beat Generation: A Beginners Guide
499,Garcia-Robles Jorge,At The End Of The Road: Jack Kerouac In Mexico
500,Garcia-Robles Jorge,Stray Bullet: William S. Burroughs In Mexico
501,Gautier Theophile,Selected Lyrics
502,Pub;isher: Yale University Press,NULL
503,Gautier Theophile,Mademoiselle De Maupin
504,George-Warren Holly ed.,Rolling Stone Book of the Beats: the Beat Generation and American Culture
505,Gewitz Isaac,Beatific Soul : Jack Kerouac on the Road
506,Gewitz Isaac,Kerouac at bat : fantasy sports and the king of the beats
507,Giacosa Giuseppe & Illica Luigi,La  Bohème (Libretto in English)
508,Giamo Ben,Kerouac the Word and the Way : Prose Artist as Spiritual Questor
509,Gibson Morgan,Kenneth Rexroth
510,Gifford Barry,Elegies
511,Gifford Barry,Jacks Book: Oral Biography of Jack Kerouac
512,Gifford Barry,Jacks Book: Oral Biography of Jack Kerouac
513,Gifford Barry,Jacks Book: Oral Biography of Jack Kerouac
514,Gifford Barry,Kerouacs Town
515,Gilmore Mikal,Allen Ginsberg1926-1997
516,Gilmore Mikal,Stories Done: Writings On The 1960s And Its Discontents
517,Ginsberg Allen,Airplane Dreams : Compositions from Journals
518,Ginsberg Allen,Allen Ginsberg (Voice Of The Poet Series)
519,Ginsberg Allen,Allen Ginsberg Audio Collection
520,Ginsberg Allen,Allen Ginsberg Photographs
521,Ginsberg Allen,Allen Verbatim: Lectures on Poetry Politics Consciousness
522,Ginsberg Allen,Ankor Wat
523,Ginsberg Allen,Book of Martyrdom and Artifice : First Journals and Poems : 1937-1952
524,Ginsberg Allen,Collected Poems: 1947-1980
525,Ginsberg Allen,Collected Poems: 1947-1997
526,Ginsberg Allen,Composed on the Tongue
527,Ginsberg Allen,Cosmopolitan Greetings Poems 1986-1992
528,Ginsberg Allen,Death & Fame: Last Poems 1993-1997
529,Ginsberg Allen,Deliberate Prose: Selected Essays 1952-1995
530,Ginsberg Allen,Dont Fuck Up Your Revolution
531,Ginsberg Allen,Empty Mirror : Early Poems by Allen Ginsberg
532,Ginsberg Allen,Fall of America: Poems of These States 1965-1971
533,Ginsberg Allen,Family Business: Slected Letters Between a Father and Son
534,Ginsberg Allen,First Blues
535,Ginsberg Allen,Gates Of Wrath
536,Ginsberg Allen,Holy Soul Jelly Roll: Poems & Songs 1949-1993 Vol 1: Moloch!
537,Ginsberg Allen,Holy Soul Jelly Roll: Poems & Songs 1949-1993 Vol 2: Caw! Caw!
538,Ginsberg Allen,Holy Soul Jelly Roll: Poems & Songs 1949-1993 Vol 3: Ah!
539,Ginsberg Allen,Holy Soul Jelly Roll: Poems & Songs 1949-1993 Vol 4: Ashes & Blues
540,Ginsberg Allen,Howl: A Graphic Novel
541,Ginsberg Allen,Howl and Other Poems
542,Ginsberg Allen,Howl and Other Poems
543,Ginsberg Allen,Howl: Original Draft Facsimilie...
544,Ginsberg Allen,Howl: Original Draft Facsimilie...
545,Ginsberg Allen,Illuminated Poems
546,Ginsberg Allen,Indian Journals March 1962-May 1963: notebooks diary blank pages writings
547,Ginsberg Allen,Iron Horse
548,Ginsberg Allen,Journals Mid-Fifties 1954-1958
549,Ginsberg Allen,Journals: Early Fifties Early Sixties
550,Ginsberg Allen,Journals: Early Fifties Early Sixties
551,Ginsberg Allen,Kaddish and Other Poems 1958-1960
552,Ginsberg Allen,Letters of Allen Ginsberg
553,Ginsberg Allen,Lion For Real
554,Ginsberg Allen,Mind Breaths: Poems 1972-1977
555,Ginsberg Allen,No More To Say & Nothing To Weep For: An Elegy For Allen Ginsberg
556,Ginsberg Allen,Planet News 1961-1967
557,Ginsberg Allen,Plutonian Ode and Other Poems: 1977-1980
558,Ginsberg Allen editor,Poems For The Nation: A Collection Of Contemporary Political Poems
559,Ginsberg Allen,Reality Sandwiches
560,Ginsberg Allen,Selected Letters of Allen Ginsberg and Gary Snyder
561,Publ;isher: Counterpoint,NULL
562,Ginsberg Allen,Selected Poems: 1947-1995
563,Ginsberg Allen,Snapshot Poetics: A Photographic Memoir of the Beat Era
564,Ginsberg Allen,Spontaneous Mind: Selected Interviews 1958-1996
565,Ginsberg Allen,To Eberhart from Ginsberg : a letter about Howl 1956...
566,Ginsberg Allen,Wait Till Im Dead: Uncollected Poems
567,Ginsberg Allen,White Shroud: Poems 1980-1985
568,Ginsberg Allen,Wichita Vortex Sutra
569,Ginsberg Allen,Your Reason & Blakes System
570,Gioia Ted,Birth And Death Of The Cool
571,Girodias Maurice,Frog Prince: An Autobiography
572,Girodias Maurice editor,New Olympia Reader
573,Girodias Maurice editor,Olympia Reader: selections from the Travellerâ€™s companion series
574,Girodias Maurice editor,Olympia Reader
575,Glass Loren,Grove Press The Evergreen Review And The Incorporation Of The Avant-Garde: Counter-Culture Colophon
576,Glass Philip,Words Without Music: A Memoir
577,Glassco John,Memoirs Of Montparnesse
578,Gluck Mary,Popular Bohemia: Modernism And Urban Culture In Nineteenth Century Paris
579,Goeman James Robert III,Happiness Is A Bi-Product Of Function: William Burroughs And The American Pragmatist Tradition
580,Goffman Ken,Counterculture Through The Ages: From Abraham To Acid House
581,Gold Herbert,Bohemia: Where Art Angst Love and Stron
582,Goldman Albert,Ladies and Gentlemen Lenny Bruce!!
583,Goldstein Lawrence M.,Changing Of The Guard: The Beat Journey From Rejection To Celebration
584,Goncourt Edmond & Jules,Goncourt Journals 1851-1870
585,Publicher: Doubleday Doran & Co.,NULL
586,Gonnerman Mark editor,A Sense Of The Whole: Reading Gary Snyders Mountains And Rivers Without End
587,Gooch Brad,City Poet: Life and Times of Frank OHara
588,Goodman Michael,William S. Burroughs: An Annotated Bibliography Of His Works And Criticism
589,Gordon William A.,Henry Miller And The Romantic Tradition
590,Gordon William A.,Mind and Art of Henry Miller
591,Gordon William A.,Writer And Critic: A Correspondence With Henry Miller
592,Gottesman Ronald ed.,Critical Essays on Henry Miller
593,Gottschall Claudia,Unspeakable Visions: Beat Consciousness And The Textual Representation
594,Govenar Alan,Beat Hotel
595,Goyen William,Three Women : A Memoir By William Goyen
596,Grace Nancy M.,Jack Kerouac and the Literary Imangination
597,Graff Jeffrey David,Mother As Muse: A Psychoanalytic Reading Of The Cathartic Works Of Kerouac Ginsberg And Corso
598,Gray Timothy,Gary Snyder and the Pacific Rim : Creating Counter-Cultural Community
599,Gray Timothy George,New Lyric Worlds: Gary Snyders Pacific Rim Communitas: 1930-1970
600,Graña César,Bohemian Versus Bourgeois: French Society and the French Man of Letters in the Nineteenth Century
601,Graña César & Marigay ed.,On Bohemia: The Code of the Self-Exiled
602,Grant Richard B.,Theophile Gautier
603,Grauerholz James editor,Last Words: The Final Journals of William S. Burroughs November 1996 - July 1997
604,Green Jane,Jay DeFeo And The Rose
605,Green Michelle,Dream At The End Of The World: Paul Bowles And The Literary Renegades In Tangier
606,Greenfield Robert,Timothy Leary: A Biography
607,Greenough Sarah,Beat Memories : the Photographs of Allen Ginsberg
608,Gruen John,New Bohemia;  the combine generation.
609,Gruen John,New Bohemia
610,Guthrie Hammond,AsEverWas: Memoirs Of A Beat Survivor
611,Gysin Brion,Flicker
612,Gysin Brion,Last Museum
613,Gysin Brion,Here to Go: Planet R-101
614,Gysin Brion,Process (The)
615,Hackman William,Out Of Sight: The Los Angees Art Scene Of The Sixties
616,Hahn Emily,Mabel: Biography of Mabel Dodge Luhan
617,Hahn Emily,Romantic Rebels: Informal History of Bohemianism in America
618,Hajdu David,Positively 4th Street: Lives And Times Of Joan Baez Bob Dylan Mimi Baez Fariña And Richard Fariña
619,Aurhor: Halasz Judith Rachel,Bohemian Ethos: Questioning Work And Making A Scene On The Lower East Side
620,Halasz Judith Rachel,Questioning Work Making A Scene: Bohemian Life On The Lower East Side Of New York City
621,Halper Jon editor,Gary Snyder: Dimensions Of A Life
622,Hamalian Linda,Life of Kenneth Rexroth
623,Hansen Arlen J.,Expatriate Paris: Cultural and Literary
624,Hanson Lawrence & Elizabeth,Verlaine: Fool of God
625,Hare Kenneth,Londons Latin Quarter
626,Harris Oliver,William Burroughs and the Secret of Fascination
627,Harris Russell,Against The American Dream: Essays On Charles Bukowski
628,Hart James D. ed.,A novelist in the making; a collection of student themes and the novels Blix and Vandover and the brute
629,Hayes Kevin J ed.,Conversations with Jack Kerouac
630,Heath Josepg and Andrew Potter,Nation Of Rebels: Why Counterculture Became Consumer Culture
631,Hecht Ben,Letters from Bohemia
632,Heims Neil,Allen Ginsberg
633,Hell Richard,Go Now
634,Hemingway Ernest,Moveable Feast
635,Hemingway Ernest,On Paris
636,Hemmer Kurt editor,Encyclopedia Of Beat Literature
637,Hernandez Tim Z.,Mañana Means Heaven
638,Herring Phillip F.,Djuna: the Life and Work of Djuna Barnes
639,Hickey Morgen,THE BOHEMIAN REGISTER: An Annotated Bibliography of the Beat Literary Movement
640,Hicklin Aaron ed.,The Revolution Will Be Accessorized
641,Hipkiss Robert A.,Jack Kerouac : Prophet Of The New Romanticism
642,Hjortsberg William,Jubilee Hitchhiker: The Life And Times Of Richard Brautigan
643,Hoffman Abbie,Best Of Abbie Hoffman
644,Hoffman Abbie,Steal This Book
645,Holladay Hilary,American hipster: a life of Herbert Huncke: the Times Square hustler who inspired the Beat movement
646,Notes Paper,NULL
647,Holmes John Clellon,Displaced Person: Travel Essays of John Clellon Holmes
648,Holmes John Clellon,Get Home Free: A Novel
649,Holmes John Clellon,Get Home Free: A Novel
650,Holmes John Clellon,Go
651,Holmes John Clellon,Go
652,Holmes John Clellon,Horn (The)
653,Holmes John Clellon,Night Music
654,Holmes John Clellon,Nothing More To Declare
655,Holmes John Clellon,Passionate Opinions: The Cultural Essays: Selected Essays By John Clellon Holmes Volume III
656,Holmes John Clellon,Representative Men: The Biographical Essays
657,Holmes John Clellon,Visitor: Jack Kerouac at Old Saybrook
658,Holton Robert,On The Road: Kerouacs Ragged American Journey
659,Hoptman Laura,Brion Gysin: Dream Machine
660,Horovitz Michael ed.,New Departures
661,Howard Gerald ed.,Sixties : art politics and media of our most explosive decade
662,Howells William Dean,The Coast of Bohemia
663,Hoyle Arthur,Unknown Henry Miller: A Seeker In Big Sur
664,Hrebeniak Michael,Action Writing : Jack Kerouacs Wild Form
665,Huddleston Sisley,Paris Salons Cafes Studios : Being Social Artitistic and Literary Memoirs
666,Hudson Theodore R.,From LeRoi Jones to Amiri Baraka: The Literary Works
667,Huebel Harry Russell,Jack Kerouac
668,Hummel William E.,Narrative Matters: Sexuality Technology And Narcotics In The Work Of William S. Burroughs
669,Huncke Herbert,From Dream To Dream
670,Huncke Herbert,Guilty of Everything: The Autobiography of Herbert Huncke
671,Huncke Herbert,Herbert Huncke Reader
672,Huncke Herbert,Hunckes Journal
673,Hunt Anthony,Genesis Structure And Meaning In Gary Snyders Mountains And Streams Without End
674,Hunt Tim,Kerouacs Crooked Road : Development of a Fiction
675,Hurewitz Daniel,Bohemian Los Angeles And The Making Of Modern Politics
676,Hutchison E. R.,Tropic of Cancer on Trial
677,Huxley Aldous,Doors Of Perception
678,Hyde Lewis editor,On The Poetry Of Allen Ginsberg
679,Ibargüen Raoul Richard,Narrative Detours: Henry Miller And The Rise Of New Critical Modernism
680,Jack Kerouac Subterranean Information Society,Dharma Beat
681,Jagger William Grant Jr.,War Of The Gods: Orgy And Community In Kerouacs Beat America
682,Jarry Alfred,Ubu Plays
683,Jarry Alfred,Ubu Roi
684,Jason Philip K. editor,Critical Response To Anais Nin
685,Joans Ted,Black Pow-Wow: Jazz Poems
686,Joans TedDou,Double Trouble: Poems
687,Joans Ted,Hipsters
688,Johnson Joyce,Come And Join The Dance
689,Johnson Joyce,In the Night Cafe
690,Johnson Joyce,Minor Characters
691,Johnson Joyce,Minor Characters
692,Johnson Joyce,Missing Men: A Memoir
693,Johnson Joyce,Voice Is All: The Lonely Victory Of Jack Kerouac
694,Johnson Rob,Lost Years of William S. Burroughs : Beats in South Texas
695,Johnson Rob,William S. Burroughs East Texas Idyll: Old Wizard Arch In Last Words
696,Johnson Ronna and Nancy M. Grace,Girls who wore black : Women writing the beat generation
697,Jones Hettie,How I Became Hettie Jones
698,Jones James T.,Jack Kerouacs Duluoz Legend : The Mythic Form of an Autobiographical Fiction
699,Jones James T.,Map of Mexico City Blues: Jack Kerouac as Poet
700,Jones Jim,Jack Kerouac in Seattle
701,Jones Jim,Jack Kerouacs Nine Lives: Essays By Jim Jones
702,Jones Jim,Use My Name: Jack Kerouacs Forgotten Families
703,Jones LeRoi,Baptism and the Toilet 
704,Jones LeRoi,Black Music
705,Jones LeRoi,Blues People: Negro Music In White Ameria
706,Jones LeRoi,Dead Lecturer
707,Jones LeRoi,Dutchman and The Slave
708,Jones LeRoi,Dutchman and The Slave
709,Jones LeRoi,Four Black Revolutionary Plays
710,Jones LeRoi,Home: Social Essays
711,Jones LeRoi ed.,Moderns (The)
712,Jones LeRoi,Preface to a Twenty Volume Suicide Note....
713,Jones LeRoi,System of Dantes Hell
714,Jones LeRoi,Tales
715,Jong Erica,Devil At Large
716,Joyce William,Miller Bukowski & Their Enemies
717,Kamstra Jerry,Frisco Kid
718,Kandel Lenore,Collected Poems Of Lenore Kandel
719,Kashner Sam,When I was Cool: My Life At The Jack Kerouac School
720,Katz Eliot,Poetry And Politics Of Allen Ginsberg
721,Katz Eliot,Radical Eyes: Political Poems And The Works Of Allen Ginsberg
722,Kaufman Alan ed.,Outlaw Bible Of American Essays
723,Kaufman Alan ed.,Outlaw Bible Of American Literature
724,Kaufman Alan ed.,Outlaw Bible Of American Poetry
725,Kaufman Bob,Ancient Rain: Poems 1956-1978
726,Kaufman Bob,Cranial Guitar: Selected Poems By Bob Kaufman
727,Kaufman Bob,Solitudes Crowded With Loneliness
728,Kaufman Philip,Henry & June
729,Kearney Patrick,Paris Olympia Press
730,Kealing Bob,Kerouac in Florida: Where the Road Ends
731,Kerouac Jack,And the hippos were boiled in their tanks
732,Kerouac Jack,Atop an Underwood: Early Stories and Other Writings
733,Kerouac Jack,Beat Generation
734,Kerouac Jack,Big Sur
735,Kerouac Jack,Big Sur
736,Kerouac Jack,Big Sur
737,Kerouac Jack,Blues And Haikus
738,Kerouac Jack,Book Of Blues
739,Kerouac Jack,Book of Dreams
740,Kerouac Jack,Book Of Haikus
741,Kerouac Jack,Book of Sketches  1952-57
742,Kerouac Jack,Collected Poems
743,Kerouac Jack,Departed Angels: The Lost Paintings
744,Kerouac Jack,Desolation Angels
745,Kerouac Jack,Desolation Angels
746,Kerouac Jack,Desolation Angels
747,Kerouac Jack,Dharma Bums
748,Kerouac Jack,Dharma Bums
749,Kerouac Jack,Dharma Bums
750,Kerouac Jack,Dharma Bums
751,Kerouac Jack,Dharma Bums
752,Kerouac Jack,Dharma Bums
753,Kerouac Jack,Dharma Bums
754,Kerouac Jack,Dharma Bums (50th Anniversary 
755,Kerouac Jack,Dr. Sax
756,Kerouac Jack,Dr. Sax
757,Kerouac Jack,Dr. Sax
758,Kerouac Jack,Doctor Sax and the Great World Snake
759,Kerouac Jack and Johnson Joyce,Door Wide Open: A Beat Love Affair in Letters 1957-1958
760,Kerouac Jack,Empty Phantoms : Interviews and Encounters With Jack Kerouac
761,Kerouac Jack,En El Camino
762,Kerouac Jack,Good Blonde & Others
763,Kerouac Jack,Haunted Life And Other Writings
764,Kerouac Jack,Heaven & Other Poems
765,Kerouac Jack,Hymn: God Pay For Me
766,Kerouac Jack & Ginsberg Allen,Jack Kerouac And Allen Ginsberg : The Letters
767,Kerouac Jack,Jack Kerouac - Beat Generation
768,Kerouac Jack,Jack Kerouac Collection [sound recording]
769,Kerouac Jack,Letters From Jack Kerouac To Ed White 1957-68
770,Kerouac Jack,Lonesome Traveler
771,Kerouac Jack,Maggie Cassidy
772,Kerouac Jack,Maggie Cassidy
773,Kerouac Jack,Mexico City Blues (242 Choruses)
774,Kerouac Jack,Mexico City Blues (242 Choruses)
775,Kerouac Jack,Old Angel Midnight
776,Kerouac Jack,On the Road
777,Kerouac Jack and Frshall Rose,On the Road: A Kinderguides Illustrated Learning Guide
778,Kerouac Jack,On the Road - 50th Anniversary 
779,Kerouac Jack,On the Road (40th Anniversary 
780,Kerouac Jack,On the Road: The Original Scroll
781,Kerouac Jack,Orpheus Emerged
782,Kerouac Jack and Allen Steve,Poetry For The Beat Generation
783,Kerouac Jack,Pomes All Sizes
784,Kerouac Jack,Pull My Daisy
785,Kerouac Jack,Road Novels 1957-1960
786,Kerouac Jack,San Francisco Blues
787,Kerouac Jack,Satori in Paris
788,Kerouac Jack,Satori in Paris and Pic
789,Kerouac Jack,Scattered Poems
790,Kerouac Jack,Scripture of the Golden Eternity
791,Kerouac Jack,Sea Is My Brother
792,Kerouac Jack,Some of the Dharma
793,Kerouac Jack,Subteraneans (The)
794,Kerouac Jack,Subteraneans (The) and Pic
795,Kerouac Jack,Town and the City
796,Kerouac Jack,Tristessa
797,Kerouac Jack,Trip Trap: Haiku On The Road
798,Kerouac Jack,Unknown Kerouac: Rare Unpublished & Newly Translated Writings
799,Kerouac Jack,Vanity Of Duluoz
800,Kerouac Jack,Visions of America
801,Kerouac Jack,Visions of Cody
802,Kerouac Jack,Visions of Cody
803,Kerouac Jack,Visions Of Cody Visions Of Gerard Big Sur
804,Kerouac Jack,Visions of Gerard
805,Kerouac Jack,Visions of Gerard
806,Kerouac Jack,Wake up : a life of the Buddha
807,Kerouac Jack,Windblown World: The Journals of Jack Kerouac 1946-1954
808,Kerouac Jack,Youre A Genius All The Time : Belief And Technique For Modern Prose
809,Kerouac Jan,Baby Driver
810,Kerouac Jan,Train Song
811,Kerouac Joan Haverty,Nobodys Wife: The Smart Aleck And The King Of The Beats
812,Kerouac-Parker Edie,Youll Be Okay : My Life with Jack Kerouac
813,Kesey Ken,Further Inquiry
814,Kesey Ken,Keseys Garage Sale
815,Kesey Ken,Keseys Jail Journal
816,Kesey Ken,Last Go Round
817,Kesey Ken,Magic Trip: Ken Keseys Search For A Kool Place
818,Kherdian David ed,Beat Voices: An Anthology of Beat Poetry
819,Kilbane Aimee,Exploring The Underworld At Home And Abroad: Bohemians And Tourism In Nineteenth-Century Paris And Beyond
820,Killion Tom & Snyder Gary,Californias Wild Edge: The Coast In Poetry Prints And History
821,Killion Tom & Snyder Gary,Tamalpais Walking : Poetry History And Print
822,Klonsky Milton,Discourse on Hip
823,Knepler Henry translator and editor,Man About Paris: Confessions of Arsene Housssaye
824,Knight Arthur and Kit ed,Beat Road
825,Knight Arthur & Kit,Beat Vision (The)
826,Knight Arthur & Kit editors,Kerouac and the Beats: Primary Sourcebook
827,Knight Brenda editor,Women of the Beat Generation
828,Knight Michael Muhammad,William S. Burroughs Vs The Quran
829,Kostelanetz Richard ed.,Avant-Garde Tradition In Literature
830,Kowalewski Michael,Temperamental Journeys: Essays on the Modern Literature Of Travel
831,Kramer Dale,Chicago Renaissance: Literary Life in the Midwest 1900-1930
832,Kramer Jane,Allen Ginsberg in America
833,Kraus Michelle P. ed,Allen Ginsberg: An Annotated Bibliography 1969-1977
834,Krokidas John,Kill Your Darlings
835,Krumhansl Aaron,Descriptive Bibliography of the Primary Publications of Charles Bukowski
836,Kushner-Locke Company And Tapestry Films,Last Time I Committed Suicide
837,Kyger Joanne,As Ever: Selected Poems
838,Kyger Joanne,Just Space: Poems 1979-1989
839,Kyger Joanne,On Time: Poems 2005-2014
840,La Fitte Anne-Gedeon,Bohemians
841,Laird Brandon Wade,When History Meets The Mass Media: The Beats In Postwar America
842,Lamantia Philip,Becoming Visible
843,Lamantia Philip,Bed Of Sphinxes New & Selected Poems 1943-1993
844,Lamantia Philip,Collected Poems Of Philip Lamantia
845,Lamantia Philip,Meadowlark West
846,Lamantia Philip,Selected Poems: 1943-1966
847,Lardas John,Bob Apocalypse : Religious Visions of Kerouac Ginsberg and Burroughs
848,Largely Literary,Jack Kerouac Journal
849,Larson Jonathan,Rent
850,Lattin Don,Harvard Psychedelic Club : how Timothy Leary Ram Dass Huston Smith and Andrew Weil killed the fifties and ushered in a new age for America    
851,Lauridsen Inger Thorup ed.,Beat Generation And The Russian New Wave
852,Lawlor William,The beat generation : a bibliographical teaching guide
853,Leary Timothy, Design For Dying
854,Leary Timothy,Psychedelic Experience: Manual Based On The Tibetan Book Of The Dead
855,Leary Timothy editors,Psychedelic Reader
856,Lee A. Robert ed.,Beat Generation Writers
857,Leland John,Hip: the History
858,Leland John,Why Kerouac Matters : the Lessons of On The Road (Theyre Not What You Think) 
859,Lenrow Elbert,Kerouac Ascending: Memorabilia Of The Decade Of On The Road
860,Lerner Richard,What Happened to Kerouac?
861,Leslie Alfred,Pull My Daisy
862,Leslie Alfred,Pull My Daisy
863,Levertov Denise,Poems 1968-1972
864,Levin Joanna,Bohemia In America: 1958-1920
865,Lewis Oscar,Bay Window Bohemia: Account of the Brilliant Artistic World of Gaslit San Francisco
866,Lipton Lawrence,Bruno In Venice West & Other Poems
867,Lipton Lawrence,Erotic Revolution
868,Lipton Lawrence,Holy Barbarians
869,Lloyd Richard,Neo-Bohemia: Art And Commerce In The Postindustrial City
870,Locklin Gerald,Charles Bukowski : A Sure Bet
871,Lombreglia Ralph,Jack Kerouac ROMnibus
872,London Jack,The Road
873,Long John,Drugs and the Beats : the role of drugs in the lives and writings of Kerouac
874,Lord Sterling,Lord Of Publishing: A Memoir
875,Lottman Herbert R.,Man Rays Montparnasse
876,Lowey Ian,Graphic Art Of The Underground: A Countercultural History
877,Luhan Mabel Dodge,Edge Of Taos Desert: An Escape To Reality
878,Luhan Mabel Dodge,History Of Having A Great Many Times Not Continued To Be Friends The Correspondence Between Mabel Dodge & Gertrude Stein 1911-1934
879,Luhan Mabel Dodge,Movers And Shakers Volume Three Of Intimate Memories
880,Lyke Patricia Phelan,Female Characters In Jack Kerouacs Fiction
881,MacAdams Lewis,Birth of the Cool: Beat Bebop and the American Avant-Garde
882,Maeck Klaus,William S. Burroughs : Commissioner of Sewers
883,Maffina Stefano,Role Of Jack Kerouacs Odentity In The Development Of His Poetics
884,Maher Paul,Burning Furiously Beautiful: The True Story Of Jack Kerouacs On The Road
885,Maher Paul Jr. ed,Empty Phantoms: Interviews and Encounters with Jack Kerouac
886,Maher Paul Jr.,Kerouac: the Definitive Biography
887,Maher Paul Jr.,Jack Kerouacs American Journey: The Real Life Odyssey Of On The Road
888,Mailer Norman,Genius and Lust
889,Mailer Norman,White Negro: Superficial Reflections on the Hipster
890,Malone Aubrey,Hunchback Of East Hollywood: A Biography Of Charles Bukowski
891,Mandel George,Beatville U.S.A.
892,Martin Jay,Always Merry & Bright: Life of Henry Miller
893,Martino John R.,Remember I Was The Movies: The Cinematic Prose Of William S. Burroughs
894,Maynard Joe,William S. Burroughs : a bibliography 1953-73 : Unlocking Inspector Lees Word Hoard
895,Maynard John Arthur,Venice West: Beat Generation in Southern California
896,Maynard John Arthur,Venice West: Beat Generation in Southern California
897,McClanahan Ed editor,Spit In The Ocean #7: All About Kesey
898,McClure Joanna,Catching Light: Collected Poems Of Joanna McClure
899,McClure Joanna,Wolf Eyes
900,McClure Michael,Adept
901,McClure Michael,Antechamber & Other Poems
902,McClure Michael,Beard & VKTMS: Two Plays
903,McClure Michael,Gargoyle Cartoons
904,McClure Michael,General Gorgeous
905,McClure Michael,Ghost Tantras
906,McClure Michael,Gorf Or Gorf And The Blind Dyke
907,McClure Michael,Hail Thee Who Pray
908,McClure Michael,Huge Dreams: San Francisco And Beat Poems
909,McClure Michael,Hymns To St. Geryon & Dark Brown
910,McClure Michael,Jaguar Skies
911,McClure Michael,Josephine: The Mouse Singer
912,McClure Michael,Lighting The Corners On Art Nuture and the Visionary
913,McClure Michael,Little Odes & The Raptors: Poems And A Play
914,McClure Michael,Love Lion Book
915,McClure Michael,Mammals
916,McClure Michael,Man of Moderation: Two Poems
917,McClure Michael,Meat Science Essays
918,McClure Michael,Mysteriosos And Other Poems
919,McClure Michael,New Book/A Book Of Torture
920,McClure Michael,Of Indigo And Saffron: New And Selected Poems
921,McClure Michael,Plum Stones: Cartoons Of No Heaven
922,McClure Michael,Poisoned Wheat
923,McClure Michael,Rain Mirror: New Poems
924,McClure Michael,Rare Angel
925,McClure Michael,Rebel Lions
926,McClure Michael,Scratching the Beat Surface
927,McClure Michael,Scratching the Beat Surface
928,McClure Michael,Selected Poems
929,McClure Michael,September Blackberries
930,McClure Michael,Star
931,McClure Michael,Touching the Edge: Dharma Devotions from the Hummingbird Sangha
932,McCook Kendall Clay,Jack Kerouac - A Social Reaction
933,McDarrah Fred W.,Kerouac & Friends: A Beat Generation Album
934,McDarrah Fred W. & Gloria S.,Beat Generation: Glory Days in Greenwich Village
935,McFarland Gerald W.,Inside Greenwich Village: A New York Neighborhood 1898-1918
936,McKee Jenn,Jack Kerouac
937,McNally Dennis,Desolate Angel: Jack Kerouac the Beat Generation and America
938,McNeil Katherine comp.,Gary Snyder: A Bibliography
939,McNeill Malcolm,Observed While Falling: Bill Burroughs Ah Pook And Me
940,McRaniels Daniel,Into The Fold: The Folded Narratives Of Henry Miller Djuna Barnes William S. Burroughs And J.G. Ballard   
941,Marten Harry,Understanding Denise Levertov
942,Martin Jay,Always Merry and Bright: Life of Henry Miller
943,Martin Justin,Rebel Souls: Walt Whitman And Americas First Bohemians
944,Meisler Stanley,Shocking Paris: Soutine CHagall And The Outsiders Of Montparnasse
945,Meltzer David,Beat Thing
946,Meltzer David editor,Birth: An Anthology Of Ancient Texts Songs Prayers And Stories
947,Meltzer David,Blue Rags
948,Meltzer David,Davids Copy
949,Meltzer David,Hero/Lil
950,Meltzer David,Isla Vista 
951,Meltzer David,Name: Selected Poetry 1973-1983
952,Meltzer David,No Eyes: Lester Young
953,Meltzer David editor,San Francisco Beat: Talking With The Poets
954,Meltzer David,Tens Selected Poems 1961-1971
955,Meltzer David,Two-Way Mirror: A Poetry Notebook
956,Meltzer David,When I Was A Poet
957,Meltzer David editor,Writing Jazz
958,Merrill Thomas F.,Allen Ginsberg
959,Micheline Jack,Sixty-Seven Poems for Towntrodden Saints
960,Miles Barry ed,Beat Collection
961,Miles Barry,Beat Hotel: Ginsberg Burroughs and Corso in Paris 1957-1963
962,Miles Barry,Call Me Burroughs: A Life
963,Miles Barry,Charles Bukowski
964,Miles Barry,Ginsberg: A Biography
965,Miles Barry,Ginsberg: A Biography
966,Miles Barry,Jack Kerouac: King of the Beats: A Portrait
967,Miles Barry,London Calling: A Countercultural History Of London Since 1945
968,Miles Barry,William Burroughs: El Hombre Invisible
969,Milewski Robert J.,Jack Kerouac: An Annotated Bibliography
970,Miller Henry,Air-Conditioned Nightmare (Volume 1)
971,Miller Henry,Air-Conditioned Nightmare
972,Miller Henry,Aller Retour New York
973,Miller Henry,Amazing And Invariable Beauford DeLaney
974,Miller Henry,Big Sur and the Oranges of Hieronymus Bosch
975,Miller Henry,Black Spring
976,Miller Henry,Books in My Life
977,Miller Henry,Book of Friends
978,Miller Henry,Collectors Quest: The Correspondence Of Henry Miller And J. Rives Childs 1947-1965
979,Miller Henry,Colossus of Maroussi
980,Miller Henry,Complete Book of Friends
981,Miller Henry,Conversations with Henry Miller
982,Miller Henry,Cosmological Eye
983,Miller Henry,Crazy Cock
984,Miller Henry,Dear Dear Brenda
985,Miller Henry,Devil in Paradise
986,Miller Henry,Folio I and Folio II
987,Miller Henry,From Your Capricorn Friend: Henry Miller & the Stroker 1978-1980
988,Miller Henry,Greece
989,Miller Henry,Henry Miller and James Laughlin: Selected Letters
990,Miller Henry,Henry Miller on Writing
991,Miller Henry,Henry Miller: Stories Essays Travel Sketches
992,Miller Henry,Henry Miller Reader
993,Miller Henry,Henry Miller: Years of Trial and Triumph 1962-1964
994,Miller Henry,Henry Millers People
995,Miller Henry,In Conversation with Georges Belmont
996,Miller Henry,Insomnia or The Devil At Large
997,Miller Henry,Joey (Volume III Book of Friends)
998,Miller Henry,Just Wild About Harry
999,Miller Henry,Letters by Henry Miller to Hoki Tokuda Miller
1000,Miller Henry,Letters Of Henry Miller And Wallace Fowlie
1001,Miller Henry,Letters to Emil
1002,Miller Henry,Max and the White Phagocytes
1003,Miller Henry,Moloch or This Gentile World
1004,Miller Henry,My Bike & Other Friends (Volume II Book of Friends)
1005,Miller Henry,My Life and Times
1006,Miller Henry,Nexus Rosy Crucifixion III
1007,Miller Henry,Notes on Aarons Rod and other notes on Lawrence from the Paris notebooks
1008,Miller Henry,Nothing But The Marvelous: Wisdoms Of Henry Miller
1009,Miller Henry,On turning eighty ; Journey to an antique land ; foreword to The angel is my watermark
1010,Miller Henry,Opus Pistorum
1011,Miller Henry,Order and chaos chez Hans Reichel
1012,Miller Henry,Plexus
1013,Miller Henry,Plexus Rosy Crucifixion II
1014,Miller Henry,Quiet Days in Clichy
1015,Miller Henry,Rosy Crucifixion Book One Sexus V 4 & 5
1016,Miller Henry,Reflections On The Death Of Mishima
1017,Miller Henry,Remember To Remember: Vol 2 Of The Air-Conditioned Nightmare
1018,Miller Henry,Sextet
1019,Miller Henry,Sexus The Rosy Crucifixion Book I
1020,Miller Henry,Sexus The Rosy Crucifixion I
1021,Miller Henry,Smile at the Foot of the Ladder
1022,Miller Henry,Stand Still Like the Hummingbird
1023,Miller Henry,Sunday After The War
1024,Miller Henry,Time of the Assassin: A Study Of Rimbaud
1025,Miller Henry,To Paint Is To Love Again
1026,Miller Henry,Tropic of Cancer
1027,Miller Henry,Tropic of Cancer
1028,Miller Henry,Tropic of Cancer
1029,Miller Henry,Tropic of Capricorn
1030,Miller Henry,Tropic of Capricorn
1031,Miller Henry,Tropic of Capricorn
1032,Miller Henry,Under the Roofs of Paris
1033,Miller Henry,Wisdom of the Heart
1034,Miller Henry,World of Lawrence : a passionate appreciation
1035,Miller Henry,World of Sex
1036,Miller Joaquin,Selections from Joaquin Miller
1037,Miller John ed.l,White Rabbit: A Psychedelic Reader
1038,Miller Richard,Bohemia: The Protoculture Then and Now
1039,Miller Terry,Greenwich Village And How It Got That Way
1040,Mitchell Edward B. editor,Henry Miller: Three Decades Of Criticism
1041,Molesworth Charles,Gary Snyders Vision: Poetry and the Real Work
1042,Montgomery John,Jack Kerouac: A Memoir In Which Is Revealed Secret Lives & West Coast Whispers Being The Confessions Of Henry Morley Alex Fairbrother & John Montgomery Triune Madman of The Dharma Bums Desolation Angels & Other Trips
1043,Montgomery John  comp,Kerouac at the Wild Boar & Other Skirmishes
1044,Montgomery John  comp,Kerouac we knew : unposed portraits; action shots
1045,Montgomery John,Kerouac West Coast: A Bohemian Pilot Detailed Navigation Instructions
1046,Morgan Bill,Beat Atlas: A State By State Guide To The Beat Generation In America
1047,Morgan Bill,Beat Generation in New York: A Walking Tour of Jack Kerouacs City
1048,Morgan Bill,Beat Generation in New York: A Walking Tour of Jack Kerouacs City
1049,Morgan Bill,Beats Abroad: A Global Guide To The Beat Generation
1050,Morgan Bill editors,Best Minds: A Tribute to Allen Ginsberg
1051,Morgan Bill editors,Howl on Trial : The Battle for Free Expression
1052,Morgan Bill,I Celebrate Myself : The Somewhat Private Life of Allen Ginsberg
1053,Morgan Bill,Response to Allen Ginsberg 1926-1994 : A Bibliography of Secondary Sources
1054,Morgan Bill,Typewriter Is Holy : The Complete Uncensored History of the Beat Generation
1055,Morgan Bill,Works of Allen Ginsberg 1941-1994 ; A Descriptive Bibliography
1056,Morgan Ted,Literary Outlaw: Life & Times of William S. Burroughs
1057,Morley Christopher,Seacoast of Bohemia
1058,Morris Wright,Huge Season
1059,Morrow W. C.,Bohemian Paris To-day
1060,Moscheles Felix,In Bohemia with Du Maurier
1061,Moscheles Felix,In Bohemia with Du Maurier
1062,Moss Arthur & Marvel Evalyn,Legend of the Latin Quarter: Henry Murger and the Birth of Bohemia
1063,Murger Henri,La Boheme: Scenes de la vie de Boheme
1064,Murger Henri,Bohemians of the Latin Quarter
1065,Murger Henri,Latin quarter: Scenes de la vie de Boheme translated by Elizabeth Ward Hugus
1066,Murphy Patrick D.,Understanding Gary Snyder
1067,Myrsiades Kostas editor,Beat Generation: Critical Essays
1068,Nalbantian Suzanne ed.,Anaïs Nin: Literary Perspectives
1069,Nelson Jane A.,Form and Image in the Fiction of Henry Miller
1070,Nelson Kenneth J.,Mythic Elements Of On The Road
1071,Nelson Raymond,Kenneth Patchen and American Mysticism
1072,Nevill Ralph,Days And Nights In Montmartre & The Latin Quarter
1073,Newhouse Thomas,Beat Generation And The Popular Novel In The United States 1945-1970
1074,Nicholson Virginia,Among the Bohemians: Experiments in Living 1900-1939
1075,Nicosia Gerald,Memory Babe: Critical Bio of Kerouac
1076,Nicosia Gerald,One And Only: The Untold Story Of On The Road And Lu Anne Henderson The Woman Who Started Jack Kerouac And Neal        Cassady On Their Journey
1077,Nicosia Gerald,One And Only: The Untold Story Of On The Road And Lu Anne Henderson The Woman Who Started Jack Kerouac And Neal Cassady On Their Journey
1078,Niemi Robert,Ultimate Illustrated Beats Chronology
1079,Nin Anaïs,Children Of The Albatross
1080,Nin Anaïs,Cities of the Interior
1081,Nin Anaïs,Conversations with Anaïs Nin
1082,Nin Anaïs,D.H. Lawrence: An Unprofessional Study
1083,Nin Anaïs,Delta of Venus
1084,Nin Anaïs,Diary of Anaïs Nin Vol 1 1931-1934
1085,Nin Anaïs,Diary of Anaïs Nin Volume 2 1934-1939
1086,Nin Anaïs,Diary of Anaïs Nin Vol 3 1939-1944
1087,Nin Anaïs,Diary of Anaïs Nin Vol 4 1944-1947
1088,Nin Anaïs,Diary of Anaïs Nin Vol 5 1947-1955
1089,Nin Anaïs,Diary of Anaïs Nin Volume 6 1955-1966
1090,Nin Anaïs,Diary of Anaïs Nin Volume 7 1966-1974
1091,Nin Anaïs,Four-Chambered Heart
1092,Nin Anaïs,Henry & June
1093,Nin Anaïs,Incest
1094,Nin Anaïs,In Favor of the Sensitive Man and other essays
1095,Nin Anaïs,Journals of Anaïs Nin Vol 2 1934-1939
1096,Nin Anaïs,Journals of Anais Nin Vol 4 1944-1947
1097,Nin Anaïs,Journals of Anais Nin Vol 5 1947-1955
1098,Nin Anaïs,Journals of Anais Nin Vol 7 1966-1974
1099,Nin Anaïs and Miller Henry,Literate Passion: Letters of Anais Nin and Henry Miller 1932-1953
1100,Nin Anaïs and Miller Henry,Literate Passion: Letters of Anais Nin and Henry Miller 1932-1953
1101,Nin Anaïs,Little Birds : Erotica
1102,Nin Anaïs,Linotte: Early Diary of Anias Nin 1914-1920
1103,Nin Anaïs,Nearer The Moon: From A Journal Of Love
1104,Nin Anaïs,Novel Of The Future
1105,Nin Anaïs,On Writing
1106,Nin Anaïs,Photographic Supplement to the Diary of Anais Nin
1107,Nin Anaïs,Seduction of the Minotaur
1108,Nin Anaïs,Spy In The House Of Love
1109,Nin Anaïs,Under A Glass Bell And Other Stories
1110,Nin Anaïs,Waste Of Timelessness And Other Early Stories
1111,Nin Anaïs,Winter of Artifice
1112,Nin Anaïs,A Woman Speaks: The Lectures Seminars And Interviews Of Anais Nin
1113,Norris Frank,McTeague
1114,Norse Harold,Carnivorous Saint: Gay Poems 1941-1976
1115,Norse Harold,In the Hub of the Fiery Force: Collected Poems 1934-2003
1116,Norse Harold,Love Poems: 1940-1985
1117,Norse Harold,Memoirs of a Bastard Angel
1118,Nunan Thomas,Diary of an Old Bohemian
1119,Nutting Cherie,Yesterdays Perfume: An Intimate Memoir Of Paul Bowles
1120,OBrien Glenn editor,Cool School: Writing From Americas Hip Underground
1121,Ogar Richard ed.,The Poets Eye: A Tribute To Lawrence Ferlinghetti And City Lights Books
1122,OHara Frank,Lunch Poems
1123,OHara Frank,Standing Still and Walking in New York
1124,ONeil Paul,Beats Mount the Only Rebellion Around...
1125,ONeil William L.,Last Romantic: A Life of Max Eastman
1126,Oliver Stephen Blake,Backwards Saints: The Jazz Musician As Hero-Figure In James Baldwins Sonnys Blues And John Clellon Holmes The Horn
1127,Olson Kirby,Cregory Corso : Doubting Thomist
1128,Omarr Sydney,Henry Miller: His World Of Urania
1129,Orion Pictures,Heart Beat
1130,Orion Pictures,Heart Beat
1131,Orlovsky Peter,Peter Orlovsky: A Life In Words: Intimate Chronicle Of A Beat Writer
1132,Ormond Leonée,George du Maurier
1133,Oscilloscope Pictures,Howl
1134,Oscilloscope Laboratories,William S. Burroughs: A Man Within
1135,Pacific Book Auction Galleries,Beat Literature Library of Stephen Ronan & the Charles Bukowski Collection of Thomas Groff
1136,Pacific Book Auction Galleries,Beats Counterculture & The Avant Garde The Ricjard Synchef Collection
1137,Pacific Book Auction Galleries,Charles Bukowski And His Circle: The Collection Of Ross Runfola
1138,Pacific Book Auction Galleries,Edwin Blair Collection of Beat Literature
1139,Parkinson Thomas ed.,Casebook on the Beat
1140,Parry Albert,Garrets and Pretenders: A History of Bohemianism in America
1141,Patchen Kenneth,Aflame And Afun Of Walking Faces: Fables And Drawings
1142,Patchen Kenneth,Because It Is: Poems And Drawings By Kenneth Patchen
1143,Patchen Kenneth,Before the Brave
1144,Patchen Kenneth,Doubleheader
1145,Patchen Kenneth,Fables and Other Little Tales
1146,Patchen Kenneth,Memoirs Of A Shy Pornographer
1147,Patchen Kenneth,Patchens Lost Plays
1148,Patchen Kenneth,Pictures of Life and of Death
1149,Patchen Kenneth,Selected Poems
1150,Patchen Kenneth,Theres Love All Day: Poems By Californias Kenneth Patchen
1151,Patchen Kenneth,They Keep Riding Down All the Time
1152,Patchen Kenneth,We Meet
1153,Paton Fiona A.,Style And Subversion: Kerouac And The Cultural Cold War
1154,Pearson Neil,Obelisk : A History of Jack Kahane and the Obelisk Press
1155,Pekar Harvey,Beats : a graphic history
1156,Perles Alfred,Art & Outrage: A Correspondence About Henry Miller
1157,Perles Alfred,My Friend Henry Miller
1158,Perrin Guillermo and Miguel de Palacios,Bohemios (Spanish Libretto)
1159,Perry Charles,Haight-Ashbury: A History
1160,Perry Paul,On the Bus
1161,Pfeiffer Ingrid ed.,Esprit Montmartre: Bohemian Life In Paris Around 1900
1162,Phillips Lisa,Beat Culture and the New America: 1950-1965
1163,Phillips Rod,Forest Beatniks and Urban Thoreaus : Gary Snyder Jack Kerouac Lew Welch and Michael McClure
1164,Pickett Rebecca A.,Gary Snyder And The Mythological Present
1165,Pirsig Robert M.,Lila
1166,Pirsig Robert M.,Zen and the Art of Motorcycle Maintenance
1167,Pirsig Robert M.,Zen and the Art of Motorcycle Maintenance
1168,Pirtle Charles Eric,These States: Ginsbergs Chronicle Of History
1169,Pisano Claudia Moreno editor,Amiri Baraka & Edward Dorn: The Collected Letters
1170,Pivano Fernanda,Beat & pieces : a complete story of the Beat Generation
1171,Pizer Donald,American Expatriate Writing and the Paris Moment
1172,Plimpton George ed.,Paris Review Interviews: Beat Writers At Work
1173,Plummer William,Holy Goof: Biography of Neal Cassady
1174,Plummer William,Holy Goof: Biography of Neal Cassady
1175,Podhoretz Norman,Ex-Friends: Falling Out With Allen Ginsberg Lionel And Diana Trilling Lillian Hellman Hannah Arendt And Norman Mailer
1176,Polimeni Carlos,Bukowski For Beginners
1177,Polish Michael,Big Sur
1178,Polsky Ned,Hustlers Beats and Others
1179,Powers Ann,Wierd Like Us: My Bohemian America
1180,Puccini Giacomo,La Bohème
1181,Rader Craig R.,Structure Of Sound: An Analysis Of William Carlos Williams Influence Upon The Poetry Of Allen Ginsberg And Robert Creeley
1182,Raitt A.W.,Life & Letters in France the 19th century
1183,Ransome Arthur,Bohemia in London
1184,Raskin Jonah,American Scream: Allen Ginsbergs Howl and the Making of the Beat Generation
1185,Reage Pauline,Story of O
1186,Reilly Charlie editor,Conversations with Amiri Baraka
1187,Rexroth Kenneth,An Autobiographical Novel
1188,Rexroth Kenneth,Beyond The Mountains
1189,Rexroth Kenneth,Burning Heart: Women Poets Of Japan
1190,Rexroth Kenneth,Classics Revisited
1191,Rexroth Kenneth,Collected Longer Poems of Kenneth Rexroth
1192,Rexroth Kenneth,Collected Shorter Poems of Kenneth Rexroth
1193,Rexroth Kenneth,Complete Poems Of Kenneth Rexroth
1194,Rexroth Kenneth,Dragon And The Unicorn
1195,Rexroth Kenneth,One Hundred More Poems From The Chinese Love And The Turning Year
1196,Rexroth Kenneth & Lawrence Ferlinghetti,Poetry Readings In The Cellar
1197,Rexroth Kenneth,Selected Poems
1198,Rexroth Kenneth trans & editor,Women Poets Of Japan
1199,Rexroth Kenneth trans & editor,Women Poets Of China
1200,Rexroth Kenneth,With Eye & Ear
1201,Richardson Joanna,Bohemians; La vie de Boheme in Paris 1830-1914
1202,Richardson Mark,Zen and Now : on the trail of Robert Pirsig and the art of motorcycle maintenance
1203,Richmond Steve,Spinning Off Bukowski
1204,Richtersmith Aldous H.,Myth-Making Miller: The Whole Man Aesthetic In Henry Millers Narrative
1205,Rigney Francis J.,Real Bohemia
1206,Roe Sue,In Montmartre: Picasso Matisse And The Birth Of Modernist Art
1207,Rombes Nicholas,Cultural Dictionary Of Punk: 1974-1982
1208,Rosenthal Chuck,Jack Kerouacs Avatar Angel : His Last Novel
1209,Rosenthal Irving,Sheeper: The Poet! The Crooked! The Extra-Fingered!
1210,Rosset Barney ed.,Evergreen Review Reader: a ten year anthology
1211,Rotolo Suze,Freewheelin Time: A Memoir Of Greenwich Village In The Sixties
1212,Roudy Peter E.,Recurring Motifs In Three Novels By Jack Kerouac
1213,Rudnick Lois Palken editor,Intimate Memories: The Autobiography Of Mabel Dodge Luha
1214,Rudnick Lois Palken,Mabel Dodge Luhan: New Woman New Worlds
1215,Rudnick Lois Palken,Suppressed Memoirs Of Mabel Dodge Luhan: Sex Syphilis And Psychoanalysis In The Making Of Modern American Culture
1216,Rumaker Michael,Robert Duncan in San Francisco
1217,Rupert John,Notations Of Process Of Mind In American Poetry Since 1945: Readings In Creeley Whalen Kerouac And Ginsberg
1218,Russell Jamie,Queer Burroughs
1219,Salles Walter,On The Road
1220,Sanders Edward,America: A History In Verse Volume 1 1900-1939
1221,Sanders Edward,America: A History In Verse Volume 2 1940-1961
1222,Sanders Edward,America: A History In Verse Volume 3 1962-1970
1223,Sanders Edward,Book Of Glyphs
1224,Sanders Ed,Fame & Love In New York
1225,Sanders Ed,Fug You: An Informal History Of The Peace Eye Bookstore the Fuck You Press The Fugs And Counterculture In The Lower East Side
1226,Sanders Edward,Hymn To The Rebel Cafe
1227,Pubisher: Black Sparrow Press,NULL
1228,Sanders Edward,1968: A History Of Verse
1229,Sanders Ed,Tales of Beatnik Glory
1230,Sanders Edward,Poetry and Life of Allen Ginsburg: A Narrative Poem
1231,Sandison David,Jack Kerouac: An Illustrated Biography
1232,Sandison David,Neal Cassady : The Fast Life of a Beat Hero
1233,Sante Luc,The Other Paris
1234,Sargent Jack,Naked Lens: An Illustrated History of Beat Cinema
1235,Saroyan Aram,Genesis Angels: The Saga of Lew Welch And the Beat Generation
1236,Sawyer-Laucanno Christopher,Invisible Spectator: Biogrpahy of Paul Bowles
1237,Schober Rick editor,Whole Shot: Collected Interviews With Gregory Corso
1238,Schroeder Barbet,Charles Bukowski Tapes
1239,Schumacher Michael,Dharma Lion: A Biography of Allen Ginsberg
1240,Screen Edge,Bukowski At Bellevue 1970
1241,Seigel Jerrold,Bohemian Paris: Culture Politics and the Boundaries of Bourgeois Life 1830-1930
1242,Selby Hubert Jr.,Last Exit To Brooklyn
1243,Serrano Janet,Gregory Corsos Bomb: A Response To Nuclear Anxiety
1244,Service Robert W.,Ballads of a Bohemian
1245,Shaffer Eric Paul,All Come To This: The Life And Works Of Lew Welch In The Context Of The Twentieth Century
1246,Sherlock John compiler,Gary Snyder: A Bibliography Of Works By And About Gary Snyder
1247,Shifreen Lawrence J. ed.,Henry Miller : A Bibliography of Primary Sources
1248,Shifreen Lawrence J. ed.,Henry Miller: A Bibliography Of Secondary Sources
1249,Shinder Jason editor,Poem that Changed America : Howl Fifty Years Later
1250,Shoaf Eric C,William S. Burroughs: A Collectors Guide
1251,Silesky Barry,Ferlinghetti the artist in his time
1252,Simpson Louis,Revolution In Taste: Studies Of... Allen Ginsberg...
1253,Silverberg Ira editor,Everything Is Permitted: The Making Of Naked Lunch
1254,Sinclair Iain,American Smoke: Journeys To The End Of The Light
1255,Sirius R.U.,21st Century Revolutionary: R.U. Sirius 1984-1998
1256,Skau Michael,Clown in a Grave : Complexities and Tensions in the Works of Gregory Corso
1257,Skau Michael,Constantly Eisking Absurdity : The Writings of Lawrence Ferlinghetti
1258,Skerl Jennie ed.,William S. Burroughs at the Front : Critical Reception 1959-1989
1259,Smith Alson J.,Chicagos Left Bank
1260,Smith Christopher R.,Eastern Philosophy And Jack Kerouacs Postmodern Poetry
1261,Smith Joan Jobe and Marilyn Johnson eds.,Bukowski Review
1262,Smith Larry,Lawrence Ferlinghetti: Poet-At-Large
1263,Snyder Gary,Axe Handles
1264,Snyder Gary,The Back Country
1265,Snyder Gary,Back On The Fire : Essays
1266,Snyder Gary,Danger on Peaks: Poems
1267,Snyder Gary,Distant Neighbors: The Selected Letters Of Wendell Berry And Gary Snyder
1268,Snyder Gary,Earth House Hold
1269,Snyder Gary,Etiquette Of Freedom: Gary Snyder Jim Harrison and The Practice Of The Wild
1270,Snyder Gary,Gary Snyder Reader: Prose Poetry and Translations 1952-1998
1271,Snyder Gary,Great Clod: Notes And Memoirs On Nature And History In East Asia
1272,Snyder Gary,He who hunted birds in his fatherâ€™s village : the dimensions of a Haida myth
1273,Snyder Gary,Left Out in the Rain: New Poems 1947-1985
1274,Snyder Gary,Look Out: A Selection of Writings
1275,Snyder Gary,Mountains and Rivers Without End
1276,Snyder Gary,Myths & Texts
1277,Snyder Gary,No Nature: New and Selected Poems
1278,Snyder Gary,Nobody Home: Writing Buddhism And Living In Places
1279,Snyder Gary,North Pacific Lands & Waters: A Further Six Sections
1280,Snyder Gary,Old Ways (The)
1281,Snyder Gary,On Bread & Poetry: A Panel Discussion With Gary Snyder Lew Welch & Philip Whalen
1282,Snyder Gary,Passage Through India
1283,Snyder Gary,Place in Space: Ethics Aesthetics and Watersheds: New and Selected Prose
1284,Snyder Gary,Practice of the Wild: Essays by Gary Snyder
1285,Snyder Gary,Real Work: Interviews & Talks 1964-1979
1286,Snyder Gary,Regarding Wave
1287,Snyder Gary,Riprap & Cold Mountain Poems
1288,Snyder Gary,Songs for Gaia
1289,Snyder Gary,This Present Moment: New Poems
1290,Snyder Gary,Turtle Island
1291,Snyder Gary,Turtle Island
1292,Snyder Robert,This Is Henry Henry Miller From Brooklyn: Conversations With The Author From The Henry Miller Odyssey
1293,Sobieszek Robert A.,Ports of Entry: William S. Burroughs and the Arts
1294,Solomon Carl,Emergency Messages : An Autobiographical Miscellany
1295,Solomon Carl,More Mishaps
1296,Sorel Edward,Mural at the Waverly Inn : a Poertrai of Greenwich Village Bohemia
1297,Sounes Howard,Bukowski in Pictures
1298,Sounes Howard,Charles Bukowski: Locked in the Arms of a Crazy Life: the Biography
1299,Spangler Jason Scott,From The Great Depression To The Grateful Dead: Cultural History And The Beat Generation
1300,Spedaliere Joseph A.,Visions Of Duluoz: A Study Of The Use Of Personae As A Means Of Self-Comprehension In The Four Lowell Novels Of Jack Kerouacs Duluoz Legend
1301,Spencer Sharon,Collage of Dreams: Writings of Anais Nin
1302,Stableford ed.,Dedalus Book of Decadence (Moral Ruins)
1303,Standish Craig Peter editor,Henry Miller: A Book Of Tributes 1931-1994
1304,Stansell Christine,American Moderns: Bohemian New York and the Creation of a New Century
1305,Stephens Robert Neilson,Tales From Bohemia
1306,Stephenson Gregory,Daybreak Boys: Essays on the Literature of the Beat Generation
1307,Sterritt David,Mad To Be Saved : The Beats The 50s and Films
1308,Sterritt David,Screening The Beats: Media Culture And The Beat Sensibility
1309,Steuding Bob,Gary Snyder
1310,Stevens Michael,Road to Interzone : Reading William S. Burroughs Reading
1311,Stevenson Elizabeth,American 1920s: Babbitts & Bohemians
1312,Stiles Bradley J.,Emersons Contemporaries And Kerouacs Crowd: A Problem Of Self Location
1313,Stokes Geoffrey ed.,Village Voice Anthology (1956-1980)
1314,Stonehill Judith,Greenwich Village: A Guide to Americas Legendary Left Bank
1315,Stonehill Judith editor,Greenwich Village Stories: A Collection Of Memories
1316,Stover Laren,Bohemian Manifesto: A Field Guide to Living on the Edge
1317,Strausbaugh John,Village: 400 Years Of Beats And Bohemians Radicals And Rogues A History Of Greenwich Village    
1318,Suiter John,Poets on the Peaks: Gary Snyder Philip Whalen & Jack Kerouac in the North Cascades
1319,Sukenick Ronald,Down and In: Life in the Underground
1320,Sutherland Daniel E.,Whistler: A Life For Arts Sake
1321,Swartz Omar,View from On the Road : the Rhetorical Vision of Jack Kerouac
1322,Swingrover E.A. editor,Counterculture Reader
1323,Talbot Ashleigh,Beat Speak: An Illustrated Beat Glossary Circa 1956-1959
1324,Thackeray William Makepeace,Students Quarter or Paris Five and Thirty Years Since
1325,Theado Matt ed.,The beats: a documentary volume
1326,Theado Matt ed.,Understanding Jack Kerouac
1327,Thimme David Gerhardt,Gary Snyders Idiosyncratic Buddhist Poetics And The Razoredge
1328,Thompson Hunter S.,Gonzo Tapes: Life And Work Of Dr. Hunter S. Thompson
1329,Thompson Hunter S.,Great Shark Hunt: Strange Tales From A Strange Time
1330,Tietchen Todd F.,Cubalogues : Beat Writers In Revolutionary Havana
1331,Tonkinson Carole ed.,Big Sky Mind: Buddhism and The Beat Generation
1332,Torgoff Martin,Bop Apocalypse: Jazz Race The Beats & Drugs
1333,Torgoff Martin,Cant Find My Way Home: America In The Great Stoned Age 1945-2000
1334,Trigilio Tony,Allen Ginsbergs Buddhist Poetics
1335,Trigilio Tony,Poetics Of Prophecy: Continuities Of Visionary History In Blake H.D. and Ginsberg
1336,Tritica John Michael,Kenneth Rexroth And The Poetics Of Commitment And Mysticism
1337,Trollope Fanny,Paris and the Parisians
1338,Turner Frederick editor,Into the Heart of Life: Henry Miller at One Hundred
1339,Turner Frederick,Renegade: Henry Miller And The Making Of Tropic Of Cancer
1340,Turner Steve,Jack Kerouac: Angelheaded Hipster
1341,Tytell John editor,Beat Interviews: Conversations With Allen Ginsberg William S. Burroughs John Clellon Holmes Herbert Huncke and Carl Solomon
1342,Tytell John,Naked Angels
1343,Tytell John,Paradise Outlaws: Remembering the Beats
1344,Valle-Inclan Ramon del,Lights Of Bohemia (Luces de Bohemia)
1345,Notes Paper; Translated with introduction and commentary by John Lyon,NULL
1346,Vega Janine Pommy,Green Piano: Poems
1347,Vega Janine Pommy,Mad Dog Of Trieste: New & Selected Poems
1348,Verlaine Paul,Verlaine: Poems
1349,Vidor King,La Bohème
1350,Vives Amadeo,Bohemios: Zarzuela Completa
1351,Wakefield Dan,New York in the 50s
1352,Waldman Anne ed.,Beat Book
1353,Waldman Anne ed. et. al.,Beats at Naropa
1354,Waldman Anne ed. et. al.,Disembodied Poetics: Annals of the Jack Kerouac School
1355,Waldman Anne,Fast Speaking Woman
1356,Waldman Anne,In The Room Of Never Give: New And Selected Poems 1985-2003
1357,Waldman Anne,Iovis: All Is Full Of Jove
1358,Waldman Anne,Kill Or Cure
1359,Waldman Anne,Manatee/Humanity
1360,Waldman Anne editor,Nice To See You: Homage To Ted Berrigan
1361,Waldman Anne,Outrider: Poems Essays Interviews
1362,Waldman Anne,Radical Presence
1363,Waldman Anne,War Crime
1364,Walker Franklin,Seacoast of Bohemia: An Account of Early Carmel
1365,Walkow Gary,Beat
1366,Walsh Joy editor,Moody Street Irregulars
1367,Watson Steven,Birth of the Beat Generation: Visionarie...
1368,Warhol Andy,Andy Warhol Diaries
1369,Warner Simon,Text And Drugs And Rock N Roll: The Beats And Rock Culture
1370,Warnow Catherine H.,Paul Bowles: The Complete Outsider
1371,Weaver Helen,Awakener : A Memoir of Kerouac and the Fifties
1372,Webb Jon Edgar,Outsider
1373,Weddle Jeff,Bohemian New Orleans: The Story of the Outsider and Loujon Press
1374,Weidner Chad,Green Ghost: William Burroughs And The Ecological Mind
1375,Weidman Rich,Beat Generation FAQ
1376,Weiner Seymour S.,Francis Carco: Career of a Literary Bohemian
1377,Weinreich Regina,Spontaneous Poetics of Jack Kerouac: A Study of the Fiction
1378,Weisner Kenneth Robert,Gary Snyders Myths And Texts And The Poetry Of Constituency
1379,Weizmann Daniel editor,Drinking with Bukowski: Recollections of the Poet Laureate of Skid Row
1380,Welch Lew,How I Work As a Poet & Other Essays/Plays/Stories
1381,Welch Lew,I Remain Volume 1: Letters of Lew Welch & Correspondence of His Friends
1382,Welch Lew,Ring Of Bone: Collected Poems Of Lew Welch
1383,Welch Lew,Selected Poems
1384,Wesling Donald ed.,Internal Resistances: The Poetry Of Edward Dorn
1385,Wetzsteon Ross,Republic of Dreams: Greenwich Village: The American Bohemia 1910-1960
1386,Whalen Philip,Canoeing Up Cabarga Creek: Buddhist Poems 1955-1986
1387,Whalen Philip,Heavy Breathing
1388,Whalen Philip,Overtime: Selected Poems
1389,Whaley Preston Jr.,Blows Like A Horn: Beat Writing Jazz Style And Markets In The Transformation Of U.S. Culture
1390,Wheeler Elizabeth Patricia,Frontier Sensibility In Novels Of Jack Kerouac Richard Brautigan And Tom Robbins
1391,White Emil,Henry Miller Between Heaven and Hell
1392,Whitehead Peter photographer with Corso Ferlinghetti Ginsberg And Others,Wholly communion; international poetry reading at the Royal Albert Hall London June 11 1965
1393,Whitmer Peter O.,Aquarius Revisited: Seven Who Created The Sixties Counterculture That Changed America
1394,WHYY-FM (National Public Radio),Writer Robert Stone Relives Counterculture Years
1395,Wickes George editor,Henry Miller And The Critics
1396,Widmer Kingsley,Henry Miller
1397,Wien Kunsthalle editor,Cut-Ups Cut-Ins Cut-Outs: The Art Of William S. Burroughs
1398,Wieners John,Nerves
1399,Wieners John,Selected Poems: 1958-1984
1400,Wilentz Leonard editor,Beat Scene
1401,Williams Orlo,Vie de Boheme A Patch of Romantic Paris
1402,Willey Philip,Naked Tea The Burroughs Bits
1403,Eition: 3rd Printing,NULL
1404,Wills David S.,Scientologist!: William S. Burroughs And The Weird Cult
1405,Wilson Elizabeth,Bohemians: The Glamorous Outcasts
1406,Winans A.D. Editor-,NULL
1407,Winans A.D.,Holy Grail: Charles Bukowski And The Second Coming Revolution
1408,Winslow Kathryn,Henry Miller: Full of Life
1409,Wolf Daniel ed.,Village Voice Reader
1410,Wolfe Tom,Electric Kool-Aid Acid Test
1411,Wolfe Tom,In Our Time
1412,Wolfe Tom,Mauve Gloves & Madmen Clutter & Vine
1413,Wolfe Tom,Pump House Gang
1414,Wolfe Tom,Radical Chic & Mau-Mauing the Flak Catch
1415,Workman Chuck,The Source
1416,Worth Richard,Jack Kerouac : The Road is Life
1417,Wynn Jonathan R.,Beat Sociology: Ethnographic Journeys In Event Spaces
1418,Young Noel ed.,Paintings of Henry Miller
1419,Young Thom,From Blake To Bop: The Portmanteau Aesthetics Of Jack Kerouac
1420,Zott Lynn M. editor,Beat Generation: A Gale Critical Companion
